tenant,brand,product_name,source_system,source_entity,source_column,landing_column,conformance_column,silver_column,source_type_name,target_type_name,nullable_flag,default_value,transform_expression,is_active
ikea,ikea,connect,cemc,countryriskdet,ID_FTS_CTY_MITIGATION,id_fts_cty_mitigation,id_fts_cty_mitigation,id_fts_cty_mitigation,int,int,false,,ID_FTS_CTY_MITIGATION,true
ikea,ikea,connect,cemc,countryriskdet,FTS_DETAIL_ID,fts_detail_id,fts_detail_id,fts_detail_id,int,int,false,,FTS_DETAIL_ID,true
ikea,ikea,connect,cemc,countryriskdet,COUNTRY_CODE,country_code,country_code,country_code,string,string,false,,COUNTRY_CODE,true
ikea,ikea,connect,cemc,countryriskdet,COMMODITY_ID,commodity_id,commodity_id,commodity_id,int,int,false,,COMMODITY_ID,true
ikea,ikea,connect,cemc,countryriskdet,COMMODITY_NAME,commodity_name,commodity_name,commodity_name,string,string,false,,COMMODITY_NAME,true
ikea,ikea,connect,cemc,countryriskdet,TOPIC_ID,topic_id,topic_id,topic_id,int,int,false,,TOPIC_ID,true
ikea,ikea,connect,cemc,countryriskdet,TOPIC_NAME,topic_name,topic_name,topic_name,string,string,false,,TOPIC_NAME,true
ikea,ikea,connect,cemc,countryriskdet,SUBTOPIC_ID,subtopic_id,subtopic_id,subtopic_id,int,int,false,,SUBTOPIC_ID,true
ikea,ikea,connect,cemc,countryriskdet,SUBTOPIC_NAME,subtopic_name,subtopic_name,subtopic_name,string,string,false,,SUBTOPIC_NAME,true
ikea,ikea,connect,cemc,countryriskdet,TOPIC_RISK_LEVEL,topic_risk_level,topic_risk_level,topic_risk_level,string,string,true,,TOPIC_RISK_LEVEL,true
ikea,ikea,connect,cemc,countryriskdet,SUBTOPIC_RISK_LEVEL,subtopic_risk_level,subtopic_risk_level,subtopic_risk_level,string,string,true,,SUBTOPIC_RISK_LEVEL,true
ikea,ikea,connect,cemc,countryriskdet,MITIGATED_RISK,mitigated_risk,mitigated_risk,mitigated_risk,int,int,true,,MITIGATED_RISK,true
ikea,ikea,connect,cemc,countryriskdet,REG_DATE,reg_date,reg_date,reg_date,date,date,false,,REG_DATE,true
ikea,ikea,connect,cemc,countryriskdet,UPD_DATE,upd_date,upd_date,upd_date,date,date,false,,UPD_DATE,true
ikea,ikea,connect,cemc,countryriskdet,DELETE_DATE,delete_date,delete_date,delete_date,date,date,true,,DELETE_DATE,true
ikea,ikea,connect,cemc,countryriskdet,IIP_INSERT_DATE,iip_insert_date,iip_insert_date,iip_insert_date,timestamp,timestamp,false,,IIP_INSERT_DATE,true
ikea,ikea,connect,cemc,countryriskdet,IIP_UPDATE_DATE,iip_update_date,iip_update_date,iip_update_date,timestamp,timestamp,false,,IIP_UPDATE_DATE,true
ikea,ikea,connect,cemc,countryriskdet,LOAD_DATE,load_date,load_date,load_date,string,string,true,,LOAD_DATE,true
ikea,ikea,connect,cemc,ftsdetails,FTS_DETAIL_ID,fts_detail_id,fts_detail_id,fts_detail_id,int,int,false,,FTS_DETAIL_ID,true
ikea,ikea,connect,cemc,ftsdetails,FTS_REPORT_ID,fts_report_id,fts_report_id,fts_report_id,int,int,false,,FTS_REPORT_ID,true
ikea,ikea,connect,cemc,ftsdetails,MATERIAL_KIND_ID,material_kind_id,material_kind_id,material_kind_id,int,int,false,,MATERIAL_KIND_ID,true
ikea,ikea,connect,cemc,ftsdetails,MATERIAL_KIND_NAME,material_kind_name,material_kind_name,material_kind_name,string,string,false,,MATERIAL_KIND_NAME,true
ikea,ikea,connect,cemc,ftsdetails,MATERIAL_TYPE_ID,material_type_id,material_type_id,material_type_id,int,int,false,,MATERIAL_TYPE_ID,true
ikea,ikea,connect,cemc,ftsdetails,MATERIAL_TYPE,material_type,material_type,material_type,string,string,false,,MATERIAL_TYPE,true
ikea,ikea,connect,cemc,ftsdetails,DEFAULT_CONVERSION_FACTOR,default_conversion_factor,default_conversion_factor,default_conversion_factor,string,int,true,,DEFAULT_CONVERSION_FACTOR,true
ikea,ikea,connect,cemc,ftsdetails,UNIT_NAME,unit_name,unit_name,unit_name,string,string,true,,UNIT_NAME,true
ikea,ikea,connect,cemc,ftsdetails,UNIT_QUANTITY,unit_quantity,unit_quantity,unit_quantity,string,string,true,,UNIT_QUANTITY,true
ikea,ikea,connect,cemc,ftsdetails,SUB_SUPPLIER_TYPE_ID,sub_supplier_type_id,sub_supplier_type_id,sub_supplier_type_id,int,int,true,,SUB_SUPPLIER_TYPE_ID,true
ikea,ikea,connect,cemc,ftsdetails,FTS_MAT_STATUS_ID,fts_mat_status_id,fts_mat_status_id,fts_mat_status_id,int,int,true,,FTS_MAT_STATUS_ID,true
ikea,ikea,connect,cemc,ftsdetails,POST_RECYCLED_VOLUME,post_recycled_volume,post_recycled_volume,post_recycled_volume,string,int,false,,POST_RECYCLED_VOLUME,true
ikea,ikea,connect,cemc,ftsdetails,PRE_RECYCLED_VOLUME,pre_recycled_volume,pre_recycled_volume,pre_recycled_volume,string,int,false,,PRE_RECYCLED_VOLUME,true
ikea,ikea,connect,cemc,ftsdetails,MAT_DIST_NAME,mat_dist_name,mat_dist_name,mat_dist_name,string,string,true,,MAT_DIST_NAME,true
ikea,ikea,connect,cemc,ftsdetails,MAT_DIST_COUNTRY,mat_dist_country,mat_dist_country,mat_dist_country,string,string,true,,MAT_DIST_COUNTRY,true
ikea,ikea,connect,cemc,ftsdetails,MAT_DIST_CITY,mat_dist_city,mat_dist_city,mat_dist_city,string,string,true,,MAT_DIST_CITY,true
ikea,ikea,connect,cemc,ftsdetails,MANUFACT_NAME,manufact_name,manufact_name,manufact_name,string,string,true,,MANUFACT_NAME,true
ikea,ikea,connect,cemc,ftsdetails,MANUFACT_COUNTRY,manufact_country,manufact_country,manufact_country,string,string,true,,MANUFACT_COUNTRY,true
ikea,ikea,connect,cemc,ftsdetails,MANUFACT_CITY,manufact_city,manufact_city,manufact_city,string,string,true,,MANUFACT_CITY,true
ikea,ikea,connect,cemc,ftsdetails,PRODUCER_NAME,producer_name,producer_name,producer_name,string,string,true,,PRODUCER_NAME,true
ikea,ikea,connect,cemc,ftsdetails,PRODUCER_COUNTRY,producer_country,producer_country,producer_country,string,string,true,,PRODUCER_COUNTRY,true
ikea,ikea,connect,cemc,ftsdetails,PRODUCER_CITY,producer_city,producer_city,producer_city,string,string,true,,PRODUCER_CITY,true
ikea,ikea,connect,cemc,ftsdetails,PAPER_MIL_NAME,paper_mil_name,paper_mil_name,paper_mil_name,string,string,true,,PAPER_MIL_NAME,true
ikea,ikea,connect,cemc,ftsdetails,PAPER_MIL_COUNTRY,paper_mil_country,paper_mil_country,paper_mil_country,string,string,true,,PAPER_MIL_COUNTRY,true
ikea,ikea,connect,cemc,ftsdetails,PAPER_MIL_CITY,paper_mil_city,paper_mil_city,paper_mil_city,string,string,true,,PAPER_MIL_CITY,true
ikea,ikea,connect,cemc,ftsdetails,VOLUME_MEASUREMENT_UNIT,volume_measurement_unit,volume_measurement_unit,volume_measurement_unit,string,string,true,,VOLUME_MEASUREMENT_UNIT,true
ikea,ikea,connect,cemc,ftsdetails,RECYCLE_VOLUME,recycle_volume,recycle_volume,recycle_volume,string,int,true,,RECYCLE_VOLUME,true
ikea,ikea,connect,cemc,ftsdetails,YIELD_PERCENT,yield_percent,yield_percent,yield_percent,string,int,true,,YIELD_PERCENT,true
ikea,ikea,connect,cemc,ftsdetails,RWE_FACTOR,rwe_factor,rwe_factor,rwe_factor,string,int,true,,RWE_FACTOR,true
ikea,ikea,connect,cemc,ftsdetails,OTHER_CERTIFICATE_DETAIL,other_certificate_detail,other_certificate_detail,other_certificate_detail,string,string,true,,OTHER_CERTIFICATE_DETAIL,true
ikea,ikea,connect,cemc,ftsdetails,COMMERICAL_NAME,commerical_name,commerical_name,commerical_name,string,string,true,,COMMERICAL_NAME,true
ikea,ikea,connect,cemc,ftsdetails,GRAMMAGE,grammage,grammage,grammage,string,int,true,,GRAMMAGE,true
ikea,ikea,connect,cemc,ftsdetails,MATERIALDESCRPTION_ID,materialdescrption_id,materialdescrption_id,materialdescrption_id,int,int,true,,MATERIALDESCRPTION_ID,true
ikea,ikea,connect,cemc,ftsdetails,VENEER_THICKNESS,veneer_thickness,veneer_thickness,veneer_thickness,string,int,true,,VENEER_THICKNESS,true
ikea,ikea,connect,cemc,ftsdetails,WOOD_BASED_YARN,wood_based_yarn,wood_based_yarn,wood_based_yarn,string,int,true,,WOOD_BASED_YARN,true
ikea,ikea,connect,cemc,ftsdetails,FSC_COC_CODE,fsc_coc_code,fsc_coc_code,fsc_coc_code,string,string,true,,FSC_COC_CODE,true
ikea,ikea,connect,cemc,ftsdetails,BU_CODE,bu_code,bu_code,bu_code,string,string,false,,BU_CODE,true
ikea,ikea,connect,cemc,ftsdetails,BU_TYPE,bu_type,bu_type,bu_type,string,string,false,,BU_TYPE,true
ikea,ikea,connect,cemc,ftsdetails,COUNTRY_CODE,country_code,country_code,country_code,string,string,true,,COUNTRY_CODE,true
ikea,ikea,connect,cemc,ftsdetails,COUNTRY_MITIGATE_COMMENTS,country_mitigate_comments,country_mitigate_comments,country_mitigate_comments,string,string,true,,COUNTRY_MITIGATE_COMMENTS,true
ikea,ikea,connect,cemc,ftsdetails,COUNTRY_MITIGATION_DATE,country_mitigation_date,country_mitigation_date,country_mitigation_date,date,date,true,,COUNTRY_MITIGATION_DATE,true
ikea,ikea,connect,cemc,ftsdetails,IS_COUNTRY_MITIGATED,is_country_mitigated,is_country_mitigated,is_country_mitigated,int,int,false,,IS_COUNTRY_MITIGATED,true
ikea,ikea,connect,cemc,ftsdetails,MAT_DIST_CODE,mat_dist_code,mat_dist_code,mat_dist_code,string,string,true,,MAT_DIST_CODE,true
ikea,ikea,connect,cemc,ftsdetails,IS_GEO_DDS,is_geo_dds,is_geo_dds,is_geo_dds,int,int,true,,IS_GEO_DDS,true
ikea,ikea,connect,cemc,ftsdetails,REGULATION_TYPE,regulation_type,regulation_type,regulation_type,string,string,true,,REGULATION_TYPE,true
ikea,ikea,connect,cemc,ftsdetails,COMMENT_MSG,comment_msg,comment_msg,comment_msg,string,string,true,,COMMENT_MSG,true
ikea,ikea,connect,cemc,ftsdetails,REPORT_START_DATE,report_start_date,report_start_date,report_start_date,date,date,false,,REPORT_START_DATE,true
ikea,ikea,connect,cemc,ftsdetails,REPORT_END_DATE,report_end_date,report_end_date,report_end_date,date,date,false,,REPORT_END_DATE,true
ikea,ikea,connect,cemc,ftsdetails,SMALL_VOLUME,small_volume,small_volume,small_volume,int,int,false,,SMALL_VOLUME,true
ikea,ikea,connect,cemc,ftsdetails,MSS_EXCEPTION,mss_exception,mss_exception,mss_exception,int,int,false,,MSS_EXCEPTION,true
ikea,ikea,connect,cemc,ftsdetails,REG_DATE,reg_date,reg_date,reg_date,date,date,false,,REG_DATE,true
ikea,ikea,connect,cemc,ftsdetails,UPD_DATE,upd_date,upd_date,upd_date,date,date,false,,UPD_DATE,true
ikea,ikea,connect,cemc,ftsdetails,DELETE_DATE,delete_date,delete_date,delete_date,date,date,true,,DELETE_DATE,true
ikea,ikea,connect,cemc,ftsdetails,IIP_INSERT_DATE,iip_insert_date,iip_insert_date,iip_insert_date,timestamp,timestamp,false,,IIP_INSERT_DATE,true
ikea,ikea,connect,cemc,ftsdetails,IIP_UPDATE_DATE,iip_update_date,iip_update_date,iip_update_date,timestamp,timestamp,false,,IIP_UPDATE_DATE,true
ikea,ikea,connect,cemc,ftsdetails,LOAD_DATE,load_date,load_date,load_date,string,string,true,,LOAD_DATE,true
ikea,ikea,connect,cemc,ftsquestion,FTS_DETAIL_ID,fts_detail_id,fts_detail_id,fts_detail_id,int,int,false,,FTS_DETAIL_ID,true
ikea,ikea,connect,cemc,ftsquestion,QUESTION_ID,question_id,question_id,question_id,int,int,false,,QUESTION_ID,true
ikea,ikea,connect,cemc,ftsquestion,QUESTION_DESC,question_desc,question_desc,question_desc,string,string,false,,QUESTION_DESC,true
ikea,ikea,connect,cemc,ftsquestion,QUESTION_RESP,question_resp,question_resp,question_resp,string,string,true,,QUESTION_RESP,true
ikea,ikea,connect,cemc,ftsquestion,REG_DATE,reg_date,reg_date,reg_date,date,date,false,,REG_DATE,true
ikea,ikea,connect,cemc,ftsquestion,UPD_DATE,upd_date,upd_date,upd_date,date,date,false,,UPD_DATE,true
ikea,ikea,connect,cemc,ftsquestion,DELETE_DATE,delete_date,delete_date,delete_date,date,date,true,,DELETE_DATE,true
ikea,ikea,connect,cemc,ftsquestion,IIP_INSERT_DATE,iip_insert_date,iip_insert_date,iip_insert_date,timestamp,timestamp,false,,IIP_INSERT_DATE,true
ikea,ikea,connect,cemc,ftsquestion,IIP_UPDATE_DATE,iip_update_date,iip_update_date,iip_update_date,timestamp,timestamp,false,,IIP_UPDATE_DATE,true
ikea,ikea,connect,cemc,ftsquestion,LOAD_DATE,load_date,load_date,load_date,string,string,true,,LOAD_DATE,true
ikea,ikea,connect,cemc,ftsreg,FTS_DETAIL_REGION_ID,fts_detail_region_id,fts_detail_region_id,fts_detail_region_id,int,int,false,,FTS_DETAIL_REGION_ID,true
ikea,ikea,connect,cemc,ftsreg,FTS_DETAIL_ID,fts_detail_id,fts_detail_id,fts_detail_id,int,int,false,,FTS_DETAIL_ID,true
ikea,ikea,connect,cemc,ftsreg,REGION_ID,region_id,region_id,region_id,int,int,true,,REGION_ID,true
ikea,ikea,connect,cemc,ftsreg,REGION,region,region,region,string,string,true,,REGION,true
ikea,ikea,connect,cemc,ftsreg,REG_DATE,reg_date,reg_date,reg_date,date,date,false,,REG_DATE,true
ikea,ikea,connect,cemc,ftsreg,UPD_DATE,upd_date,upd_date,upd_date,date,date,false,,UPD_DATE,true
ikea,ikea,connect,cemc,ftsreg,DELETE_DATE,delete_date,delete_date,delete_date,date,date,true,,DELETE_DATE,true
ikea,ikea,connect,cemc,ftsreg,IIP_INSERT_DATE,iip_insert_date,iip_insert_date,iip_insert_date,timestamp,timestamp,false,,IIP_INSERT_DATE,true
ikea,ikea,connect,cemc,ftsreg,IIP_UPDATE_DATE,iip_update_date,iip_update_date,iip_update_date,timestamp,timestamp,false,,IIP_UPDATE_DATE,true
ikea,ikea,connect,cemc,ftsreg,LOAD_DATE,load_date,load_date,load_date,string,string,true,,LOAD_DATE,true
ikea,ikea,connect,cemc,ftssubreg,FTS_DETAIL_SUB_REGION_ID,fts_detail_sub_region_id,fts_detail_sub_region_id,fts_detail_sub_region_id,int,int,false,,FTS_DETAIL_SUB_REGION_ID,true
ikea,ikea,connect,cemc,ftssubreg,FTS_DETAIL_ID,fts_detail_id,fts_detail_id,fts_detail_id,int,int,false,,FTS_DETAIL_ID,true
ikea,ikea,connect,cemc,ftssubreg,SUB_REGION_ID,sub_region_id,sub_region_id,sub_region_id,int,int,false,,SUB_REGION_ID,true
ikea,ikea,connect,cemc,ftssubreg,SUBREGION,subregion,subregion,subregion,string,string,false,,SUBREGION,true
ikea,ikea,connect,cemc,ftssubreg,REG_DATE,reg_date,reg_date,reg_date,date,date,false,,REG_DATE,true
ikea,ikea,connect,cemc,ftssubreg,UPD_DATE,upd_date,upd_date,upd_date,date,date,false,,UPD_DATE,true
ikea,ikea,connect,cemc,ftssubreg,DELETE_DATE,delete_date,delete_date,delete_date,date,date,true,,DELETE_DATE,true
ikea,ikea,connect,cemc,ftssubreg,IIP_INSERT_DATE,iip_insert_date,iip_insert_date,iip_insert_date,timestamp,timestamp,false,,IIP_INSERT_DATE,true
ikea,ikea,connect,cemc,ftssubreg,IIP_UPDATE_DATE,iip_update_date,iip_update_date,iip_update_date,timestamp,timestamp,false,,IIP_UPDATE_DATE,true
ikea,ikea,connect,cemc,ftssubreg,LOAD_DATE,load_date,load_date,load_date,string,string,true,,LOAD_DATE,true
ikea,ikea,connect,cemc,geolocationriskdet,FTS_DETAIL_ID,fts_detail_id,fts_detail_id,fts_detail_id,int,int,false,,FTS_DETAIL_ID,true
ikea,ikea,connect,cemc,geolocationriskdet,GEO_LOCATION_ID,geo_location_id,geo_location_id,geo_location_id,int,int,false,,GEO_LOCATION_ID,true
ikea,ikea,connect,cemc,geolocationriskdet,GEO_LOCATION_DETAIL_ID,geo_location_detail_id,geo_location_detail_id,geo_location_detail_id,int,int,false,,GEO_LOCATION_DETAIL_ID,true
ikea,ikea,connect,cemc,geolocationriskdet,GEO_LOCATION_TYPE,geo_location_type,geo_location_type,geo_location_type,string,string,false,,GEO_LOCATION_TYPE,true
ikea,ikea,connect,cemc,geolocationriskdet,COUNTRY_CODE,country_code,country_code,country_code,string,string,false,,COUNTRY_CODE,true
ikea,ikea,connect,cemc,geolocationriskdet,COMMODITY_ID,commodity_id,commodity_id,commodity_id,int,int,false,,COMMODITY_ID,true
ikea,ikea,connect,cemc,geolocationriskdet,COMMODITY_NAME,commodity_name,commodity_name,commodity_name,string,string,false,,COMMODITY_NAME,true
ikea,ikea,connect,cemc,geolocationriskdet,BU_CODE,bu_code,bu_code,bu_code,string,string,false,,BU_CODE,true
ikea,ikea,connect,cemc,geolocationriskdet,BU_TYPE,bu_type,bu_type,bu_type,string,string,false,,BU_TYPE,true
ikea,ikea,connect,cemc,geolocationriskdet,HARVEST_VALID_FROM,harvest_valid_from,harvest_valid_from,harvest_valid_from,date,date,false,,HARVEST_VALID_FROM,true
ikea,ikea,connect,cemc,geolocationriskdet,HARVEST_VALID_TO,harvest_valid_to,harvest_valid_to,harvest_valid_to,date,date,false,,HARVEST_VALID_TO,true
ikea,ikea,connect,cemc,geolocationriskdet,USAGE_FROM,usage_from,usage_from,usage_from,date,date,false,,USAGE_FROM,true
ikea,ikea,connect,cemc,geolocationriskdet,USAGE_TO,usage_to,usage_to,usage_to,date,date,false,,USAGE_TO,true
ikea,ikea,connect,cemc,geolocationriskdet,COORDINATES,coordinates,coordinates,coordinates,string,string,false,,COORDINATES,true
ikea,ikea,connect,cemc,geolocationriskdet,AREA,area,area,area,double,int,true,,AREA,true
ikea,ikea,connect,cemc,geolocationriskdet,PRODUCERNAME,producername,producername,producername,string,string,true,,PRODUCERNAME,true
ikea,ikea,connect,cemc,geolocationriskdet,PRODUCTIONPLACE,productionplace,productionplace,productionplace,string,string,true,,PRODUCTIONPLACE,true
ikea,ikea,connect,cemc,geolocationriskdet,COUNTRY_VALIDATION,country_validation,country_validation,country_validation,int,int,true,,COUNTRY_VALIDATION,true
ikea,ikea,connect,cemc,geolocationriskdet,COMMODITY_VALIDATION,commodity_validation,commodity_validation,commodity_validation,int,int,true,,COMMODITY_VALIDATION,true
ikea,ikea,connect,cemc,geolocationriskdet,DEFORESTATION_VERIFICATION,deforestation_verification,deforestation_verification,deforestation_verification,int,int,true,,DEFORESTATION_VERIFICATION,true
ikea,ikea,connect,cemc,geolocationriskdet,FOREST_DEGRADATION_VERIFICATION,forest_degradation_verification,forest_degradation_verification,forest_degradation_verification,int,int,true,,FOREST_DEGRADATION_VERIFICATION,true
ikea,ikea,connect,cemc,geolocationriskdet,HCVF_VERIFICATION,hcvf_verification,hcvf_verification,hcvf_verification,int,int,true,,HCVF_VERIFICATION,true
ikea,ikea,connect,cemc,geolocationriskdet,INPUT_VALIDATION,input_validation,input_validation,input_validation,int,int,true,,INPUT_VALIDATION,true
ikea,ikea,connect,cemc,geolocationriskdet,INPUT_VALIDATION_ERROR,input_validation_error,input_validation_error,input_validation_error,string,string,true,,INPUT_VALIDATION_ERROR,true
ikea,ikea,connect,cemc,geolocationriskdet,ISRISKASSESSED,isriskassessed,isriskassessed,isriskassessed,int,int,false,,ISRISKASSESSED,true
ikea,ikea,connect,cemc,geolocationriskdet,ISRISKMITIGATED,isriskmitigated,isriskmitigated,isriskmitigated,int,int,false,,ISRISKMITIGATED,true
ikea,ikea,connect,cemc,geolocationriskdet,REG_DATE,reg_date,reg_date,reg_date,date,date,false,,REG_DATE,true
ikea,ikea,connect,cemc,geolocationriskdet,UPD_DATE,upd_date,upd_date,upd_date,date,date,false,,UPD_DATE,true
ikea,ikea,connect,cemc,geolocationriskdet,DEL_DATE,del_date,del_date,del_date,date,date,true,,DEL_DATE,true
ikea,ikea,connect,cemc,geolocationriskdet,IIP_INSERT_DATE,iip_insert_date,iip_insert_date,iip_insert_date,timestamp,timestamp,false,,IIP_INSERT_DATE,true
ikea,ikea,connect,cemc,geolocationriskdet,IIP_UPDATE_DATE,iip_update_date,iip_update_date,iip_update_date,timestamp,timestamp,false,,IIP_UPDATE_DATE,true
ikea,ikea,connect,cemc,geolocationriskdet,LOAD_DATE,load_date,load_date,load_date,string,string,true,,LOAD_DATE,true
ikea,ikea,connect,cemc,itemdds,ITEM_DDS_NO,item_dds_no,item_dds_no,item_dds_no,string,int,false,,ITEM_DDS_NO,true
ikea,ikea,connect,cemc,itemdds,ITEM_DDS_DET_NO,item_dds_det_no,item_dds_det_no,item_dds_det_no,string,int,false,,ITEM_DDS_DET_NO,true
ikea,ikea,connect,cemc,itemdds,ITEM_DDS_DECL_NO,item_dds_decl_no,item_dds_decl_no,item_dds_decl_no,string,int,false,,ITEM_DDS_DECL_NO,true
ikea,ikea,connect,cemc,itemdds,ITEM_DDS_DECL_VER_NO,item_dds_decl_ver_no,item_dds_decl_ver_no,item_dds_decl_ver_no,string,int,false,,ITEM_DDS_DECL_VER_NO,true
ikea,ikea,connect,cemc,itemdds,ITEM_NO,item_no,item_no,item_no,string,string,false,,ITEM_NO,true
ikea,ikea,connect,cemc,itemdds,ITEM_TYPE,item_type,item_type,item_type,string,string,false,,ITEM_TYPE,true
ikea,ikea,connect,cemc,itemdds,BU_CODE,bu_code,bu_code,bu_code,string,string,false,,BU_CODE,true
ikea,ikea,connect,cemc,itemdds,BU_TYPE,bu_type,bu_type,bu_type,string,string,false,,BU_TYPE,true
ikea,ikea,connect,cemc,itemdds,COMMON_ITEM_NAME,common_item_name,common_item_name,common_item_name,string,string,false,,COMMON_ITEM_NAME,true
ikea,ikea,connect,cemc,itemdds,DDS_REF_NO,dds_ref_no,dds_ref_no,dds_ref_no,string,string,false,,DDS_REF_NO,true
ikea,ikea,connect,cemc,itemdds,DDS_VERIFICATION_NO,dds_verification_no,dds_verification_no,dds_verification_no,string,string,false,,DDS_VERIFICATION_NO,true
ikea,ikea,connect,cemc,itemdds,PROD_VALID_FROM,prod_valid_from,prod_valid_from,prod_valid_from,date,date,false,,PROD_VALID_FROM,true
ikea,ikea,connect,cemc,itemdds,PROD_VALID_TO,prod_valid_to,prod_valid_to,prod_valid_to,date,date,false,,PROD_VALID_TO,true
ikea,ikea,connect,cemc,itemdds,STATUS,status,status,status,string,int,false,,STATUS,true
ikea,ikea,connect,cemc,itemdds,VOLUME,volume,volume,volume,string,int,true,,VOLUME,true
ikea,ikea,connect,cemc,itemdds,VOLUME_UOM,volume_uom,volume_uom,volume_uom,string,string,true,,VOLUME_UOM,true
ikea,ikea,connect,cemc,itemdds,WEIGHT,weight,weight,weight,string,int,false,,WEIGHT,true
ikea,ikea,connect,cemc,itemdds,WEIGHT_UOM,weight_uom,weight_uom,weight_uom,string,string,false,,WEIGHT_UOM,true
ikea,ikea,connect,cemc,itemdds,REG_DATE,reg_date,reg_date,reg_date,date,date,false,,REG_DATE,true
ikea,ikea,connect,cemc,itemdds,UPD_DATE,upd_date,upd_date,upd_date,date,date,false,,UPD_DATE,true
ikea,ikea,connect,cemc,itemdds,DELETE_DATE,delete_date,delete_date,delete_date,date,date,true,,DELETE_DATE,true
ikea,ikea,connect,cemc,itemdds,LOAD_DATE,load_date,load_date,load_date,string,string,true,,LOAD_DATE,true
ikea,ikea,connect,cemc,itemmatplantrep,ITEM_NO,item_no,item_no,item_no,string,string,false,,ITEM_NO,true
ikea,ikea,connect,cemc,itemmatplantrep,ITEM_TYPE,item_type,item_type,item_type,string,string,false,,ITEM_TYPE,true
ikea,ikea,connect,cemc,itemmatplantrep,BU_CODE,bu_code,bu_code,bu_code,string,string,false,,BU_CODE,true
ikea,ikea,connect,cemc,itemmatplantrep,BU_TYPE,bu_type,bu_type,bu_type,string,string,false,,BU_TYPE,true
ikea,ikea,connect,cemc,itemmatplantrep,DOCU_NO_PLANTREP,docu_no_plantrep,docu_no_plantrep,docu_no_plantrep,string,string,false,,DOCU_NO_PLANTREP,true
ikea,ikea,connect,cemc,itemmatplantrep,DOCU_VER_NO_PLANTREP,docu_ver_no_plantrep,docu_ver_no_plantrep,docu_ver_no_plantrep,int,int,false,,DOCU_VER_NO_PLANTREP,true
ikea,ikea,connect,cemc,itemmatplantrep,COMMON_ITEM_NAME,common_item_name,common_item_name,common_item_name,string,string,false,,COMMON_ITEM_NAME,true
ikea,ikea,connect,cemc,itemmatplantrep,MAT_TYPE,mat_type,mat_type,mat_type,string,string,false,,MAT_TYPE,true
ikea,ikea,connect,cemc,itemmatplantrep,MAT_SUB_TYPE,mat_sub_type,mat_sub_type,mat_sub_type,string,string,false,,MAT_SUB_TYPE,true
ikea,ikea,connect,cemc,itemmatplantrep,MAT_DESG,mat_desg,mat_desg,mat_desg,string,string,false,,MAT_DESG,true
ikea,ikea,connect,cemc,itemmatplantrep,COMMODITY_NAME,commodity_name,commodity_name,commodity_name,string,string,false,,COMMODITY_NAME,true
ikea,ikea,connect,cemc,itemmatplantrep,COMB_NO,comb_no,comb_no,comb_no,string,string,false,,COMB_NO,true
ikea,ikea,connect,cemc,itemmatplantrep,PLANTREP_VALID_FROM,plantrep_valid_from,plantrep_valid_from,plantrep_valid_from,date,date,false,,PLANTREP_VALID_FROM,true
ikea,ikea,connect,cemc,itemmatplantrep,PLANTREP_VALID_TO,plantrep_valid_to,plantrep_valid_to,plantrep_valid_to,date,date,false,,PLANTREP_VALID_TO,true
ikea,ikea,connect,cemc,itemmatplantrep,STATUS,status,status,status,string,int,false,,STATUS,true
ikea,ikea,connect,cemc,itemmatplantrep,REG_DATE,reg_date,reg_date,reg_date,date,date,false,,REG_DATE,true
ikea,ikea,connect,cemc,itemmatplantrep,UPD_DATE,upd_date,upd_date,upd_date,date,date,false,,UPD_DATE,true
ikea,ikea,connect,cemc,itemmatplantrep,DELETE_DATE,delete_date,delete_date,delete_date,date,date,true,,DELETE_DATE,true
ikea,ikea,connect,cemc,itemmatplantrep,IIP_INSERT_DATE,iip_insert_date,iip_insert_date,iip_insert_date,timestamp,timestamp,false,,IIP_INSERT_DATE,true
ikea,ikea,connect,cemc,itemmatplantrep,IIP_UPDATE_DATE,iip_update_date,iip_update_date,iip_update_date,timestamp,timestamp,false,,IIP_UPDATE_DATE,true
ikea,ikea,connect,cemc,itemmatplantrep,LOAD_DATE,load_date,load_date,load_date,string,string,true,,LOAD_DATE,true
ikea,ikea,connect,cemc,matddsdet,FTS_DETAIL_ID,fts_detail_id,fts_detail_id,fts_detail_id,int,int,false,,FTS_DETAIL_ID,true
ikea,ikea,connect,cemc,matddsdet,MAT_DDS_ID,mat_dds_id,mat_dds_id,mat_dds_id,int,int,false,,MAT_DDS_ID,true
ikea,ikea,connect,cemc,matddsdet,DDS_REF_NO,dds_ref_no,dds_ref_no,dds_ref_no,string,string,false,,DDS_REF_NO,true
ikea,ikea,connect,cemc,matddsdet,TOKEN_NO,token_no,token_no,token_no,string,string,true,,TOKEN_NO,true
ikea,ikea,connect,cemc,matddsdet,VALID_FROM,valid_from,valid_from,valid_from,date,date,true,,VALID_FROM,true
ikea,ikea,connect,cemc,matddsdet,VALID_TO,valid_to,valid_to,valid_to,date,date,true,,VALID_TO,true
ikea,ikea,connect,cemc,matddsdet,REG_DATE,reg_date,reg_date,reg_date,date,date,false,,REG_DATE,true
ikea,ikea,connect,cemc,matddsdet,UPD_DATE,upd_date,upd_date,upd_date,date,date,false,,UPD_DATE,true
ikea,ikea,connect,cemc,matddsdet,DELETE_DATE,delete_date,delete_date,delete_date,date,date,true,,DELETE_DATE,true
ikea,ikea,connect,cemc,matddsdet,IIP_INSERT_DATE,iip_insert_date,iip_insert_date,iip_insert_date,timestamp,timestamp,false,,IIP_INSERT_DATE,true
ikea,ikea,connect,cemc,matddsdet,IIP_UPDATE_DATE,iip_update_date,iip_update_date,iip_update_date,timestamp,timestamp,false,,IIP_UPDATE_DATE,true
ikea,ikea,connect,cemc,matddsdet,LOAD_DATE,load_date,load_date,load_date,string,string,true,,LOAD_DATE,true
ikea,ikea,connect,cemc,mssrrdetclmt,PKG_DEL_SEQ_NO,pkg_del_seq_no,pkg_del_seq_no,pkg_del_seq_no,int,int,false,,PKG_DEL_SEQ_NO,true
ikea,ikea,connect,cemc,mssrrdetclmt,DOCU_MAT_NO,docu_mat_no,docu_mat_no,docu_mat_no,string,string,false,,DOCU_MAT_NO,true
ikea,ikea,connect,cemc,mssrrdetclmt,CLAIM_NO,claim_no,claim_no,claim_no,int,int,false,,CLAIM_NO,true
ikea,ikea,connect,cemc,mssrrdetclmt,CLAIM_NAME,claim_name,claim_name,claim_name,string,string,false,,CLAIM_NAME,true
ikea,ikea,connect,cemc,mssrrdetclmt,CLAIM_PERC,claim_perc,claim_perc,claim_perc,int,int,true,,CLAIM_PERC,true
ikea,ikea,connect,cemc,mssrrdetclmt,CLAIM_VALUE,claim_value,claim_value,claim_value,int,int,true,,CLAIM_VALUE,true
ikea,ikea,connect,cemc,mssrrdetclmt,VALUE_UOM,value_uom,value_uom,value_uom,string,string,true,,VALUE_UOM,true
ikea,ikea,connect,cemc,mssrrdetclmt,REG_DATE,reg_date,reg_date,reg_date,date,date,true,,REG_DATE,true
ikea,ikea,connect,cemc,mssrrdetclmt,UPD_DATE,upd_date,upd_date,upd_date,date,date,true,,UPD_DATE,true
ikea,ikea,connect,cemc,mssrrdetclmt,DELETE_DATE,delete_date,delete_date,delete_date,date,date,true,,DELETE_DATE,true
ikea,ikea,connect,cemc,mssrrdetclmt,IIP_INSERT_DATE,iip_insert_date,iip_insert_date,iip_insert_date,timestamp,timestamp,false,,IIP_INSERT_DATE,true
ikea,ikea,connect,cemc,mssrrdetclmt,IIP_UPDATE_DATE,iip_update_date,iip_update_date,iip_update_date,timestamp,timestamp,false,,IIP_UPDATE_DATE,true
ikea,ikea,connect,cemc,mssrrdetclmt,LOAD_DATE,load_date,load_date,load_date,string,string,true,,LOAD_DATE,true
ikea,ikea,connect,cemc,mssrrgrpt,PKG_DEL_SEQ_NO,pkg_del_seq_no,pkg_del_seq_no,pkg_del_seq_no,int,int,false,,PKG_DEL_SEQ_NO,true
ikea,ikea,connect,cemc,mssrrgrpt,DOCU_MAT_NO,docu_mat_no,docu_mat_no,docu_mat_no,string,string,false,,DOCU_MAT_NO,true
ikea,ikea,connect,cemc,mssrrgrpt,DOCU_MAT_NAME,docu_mat_name,docu_mat_name,docu_mat_name,string,string,false,,DOCU_MAT_NAME,true
ikea,ikea,connect,cemc,mssrrgrpt,PERIOD_STATUS,period_status,period_status,period_status,int,int,false,,PERIOD_STATUS,true
ikea,ikea,connect,cemc,mssrrgrpt,REG_DATE,reg_date,reg_date,reg_date,date,date,true,,REG_DATE,true
ikea,ikea,connect,cemc,mssrrgrpt,UPD_DATE,upd_date,upd_date,upd_date,date,date,true,,UPD_DATE,true
ikea,ikea,connect,cemc,mssrrgrpt,DELETE_DATE,delete_date,delete_date,delete_date,date,date,true,,DELETE_DATE,true
ikea,ikea,connect,cemc,mssrrgrpt,IIP_INSERT_DATE,iip_insert_date,iip_insert_date,iip_insert_date,timestamp,timestamp,false,,IIP_INSERT_DATE,true
ikea,ikea,connect,cemc,mssrrgrpt,IIP_UPDATE_DATE,iip_update_date,iip_update_date,iip_update_date,timestamp,timestamp,false,,IIP_UPDATE_DATE,true
ikea,ikea,connect,cemc,mssrrgrpt,LOAD_DATE,load_date,load_date,load_date,string,string,true,,LOAD_DATE,true
ikea,ikea,connect,cemc,mssrepreceiver,PKG_DEL_SEQ_NO,pkg_del_seq_no,pkg_del_seq_no,pkg_del_seq_no,int,int,false,,PKG_DEL_SEQ_NO,true
ikea,ikea,connect,cemc,mssrepreceiver,PER_START,per_start,per_start,per_start,date,date,false,,PER_START,true
ikea,ikea,connect,cemc,mssrepreceiver,PER_END,per_end,per_end,per_end,date,date,false,,PER_END,true
ikea,ikea,connect,cemc,mssrepreceiver,BU_CODE_RECV,bu_code_recv,bu_code_recv,bu_code_recv,string,string,false,,BU_CODE_RECV,true
ikea,ikea,connect,cemc,mssrepreceiver,BU_TYPE_RECV,bu_type_recv,bu_type_recv,bu_type_recv,string,string,false,,BU_TYPE_RECV,true
ikea,ikea,connect,cemc,mssrepreceiver,BU_CODE_SENDER,bu_code_sender,bu_code_sender,bu_code_sender,string,string,true,,BU_CODE_SENDER,true
ikea,ikea,connect,cemc,mssrepreceiver,BU_TYPE_SENDER,bu_type_sender,bu_type_sender,bu_type_sender,string,string,true,,BU_TYPE_SENDER,true
ikea,ikea,connect,cemc,mssrepreceiver,COMASUP_NO,comasup_no,comasup_no,comasup_no,string,string,true,,COMASUP_NO,true
ikea,ikea,connect,cemc,mssrepreceiver,COMASUP_NAME,comasup_name,comasup_name,comasup_name,string,string,true,,COMASUP_NAME,true
ikea,ikea,connect,cemc,mssrepreceiver,PER_DECL_COMPLETE,per_decl_complete,per_decl_complete,per_decl_complete,int,int,true,,PER_DECL_COMPLETE,true
ikea,ikea,connect,cemc,mssrepreceiver,REG_DATE,reg_date,reg_date,reg_date,date,date,true,,REG_DATE,true
ikea,ikea,connect,cemc,mssrepreceiver,UPD_DATE,upd_date,upd_date,upd_date,date,date,true,,UPD_DATE,true
ikea,ikea,connect,cemc,mssrepreceiver,DELETE_DATE,delete_date,delete_date,delete_date,date,date,true,,DELETE_DATE,true
ikea,ikea,connect,cemc,mssrepreceiver,IIP_INSERT_DATE,iip_insert_date,iip_insert_date,iip_insert_date,timestamp,timestamp,false,,IIP_INSERT_DATE,true
ikea,ikea,connect,cemc,mssrepreceiver,IIP_UPDATE_DATE,iip_update_date,iip_update_date,iip_update_date,timestamp,timestamp,false,,IIP_UPDATE_DATE,true
ikea,ikea,connect,cemc,mssrepreceiver,LOAD_DATE,load_date,load_date,load_date,string,string,true,,LOAD_DATE,true
ikea,ikea,connect,cemc,mtrlftsdetail,DOCU_NO_PLANTREP,docu_no_plantrep,docu_no_plantrep,docu_no_plantrep,string,string,false,,DOCU_NO_PLANTREP,true
ikea,ikea,connect,cemc,mtrlftsdetail,DOCU_VER_NO_PLANTREP,docu_ver_no_plantrep,docu_ver_no_plantrep,docu_ver_no_plantrep,int,int,false,,DOCU_VER_NO_PLANTREP,true
ikea,ikea,connect,cemc,mtrlftsdetail,FTS_DETAIL_ID,fts_detail_id,fts_detail_id,fts_detail_id,int,int,false,,FTS_DETAIL_ID,true
ikea,ikea,connect,cemc,mtrlftsdetail,IWAY_STATUS,iway_status,iway_status,iway_status,string,string,true,,IWAY_STATUS,true
ikea,ikea,connect,cemc,mtrlftsdetail,ISEUDR,iseudr,iseudr,iseudr,string,string,false,,ISEUDR,true
ikea,ikea,connect,cemc,mtrlftsdetail,RECYCL_VOL_PER,recycl_vol_per,recycl_vol_per,recycl_vol_per,int,int,true,,RECYCL_VOL_PER,true
ikea,ikea,connect,cemc,mtrlftsdetail,REG_DATE,reg_date,reg_date,reg_date,date,date,false,,REG_DATE,true
ikea,ikea,connect,cemc,mtrlftsdetail,UPD_DATE,upd_date,upd_date,upd_date,date,date,false,,UPD_DATE,true
ikea,ikea,connect,cemc,mtrlftsdetail,DELETE_DATE,delete_date,delete_date,delete_date,date,date,true,,DELETE_DATE,true
ikea,ikea,connect,cemc,mtrlftsdetail,IIP_INSERT_DATE,iip_insert_date,iip_insert_date,iip_insert_date,timestamp,timestamp,false,,IIP_INSERT_DATE,true
ikea,ikea,connect,cemc,mtrlftsdetail,IIP_UPDATE_DATE,iip_update_date,iip_update_date,iip_update_date,timestamp,timestamp,false,,IIP_UPDATE_DATE,true
ikea,ikea,connect,cemc,mtrlftsdetail,LOAD_DATE,load_date,load_date,load_date,string,string,true,,LOAD_DATE,true
ikea,ikea,connect,cemc,mtrlgenusspeciesdet,FTS_DETAIL_ID,fts_detail_id,fts_detail_id,fts_detail_id,string,int,false,,FTS_DETAIL_ID,true
ikea,ikea,connect,cemc,mtrlgenusspeciesdet,LACEY_DOC_NO,lacey_doc_no,lacey_doc_no,lacey_doc_no,string,string,false,,LACEY_DOC_NO,true
ikea,ikea,connect,cemc,mtrlgenusspeciesdet,GENUS,genus,genus,genus,string,string,false,,GENUS,true
ikea,ikea,connect,cemc,mtrlgenusspeciesdet,SPECIES,species,species,species,string,string,false,,SPECIES,true
ikea,ikea,connect,cemc,mtrlgenusspeciesdet,COMMON_EN,common_en,common_en,common_en,string,string,false,,COMMON_EN,true
ikea,ikea,connect,cemc,mtrlgenusspeciesdet,COMMON_GENUS_EN,common_genus_en,common_genus_en,common_genus_en,string,string,false,,COMMON_GENUS_EN,true
ikea,ikea,connect,cemc,mtrlgenusspeciesdet,REG_DATE,reg_date,reg_date,reg_date,string,date,false,,REG_DATE,true
ikea,ikea,connect,cemc,mtrlgenusspeciesdet,UPD_DATE,upd_date,upd_date,upd_date,string,date,false,,UPD_DATE,true
ikea,ikea,connect,cemc,mtrlgenusspeciesdet,DELETE_DATE,delete_date,delete_date,delete_date,string,date,true,,DELETE_DATE,true
ikea,ikea,connect,cemc,mtrlgenusspeciesdet,IIP_INSERT_DATE,iip_insert_date,iip_insert_date,iip_insert_date,string,timestamp,false,,IIP_INSERT_DATE,true
ikea,ikea,connect,cemc,mtrlgenusspeciesdet,IIP_UPDATE_DATE,iip_update_date,iip_update_date,iip_update_date,string,timestamp,false,,IIP_UPDATE_DATE,true
ikea,ikea,connect,cemc,mtrlgenusspeciesdet,LOAD_DATE,load_date,load_date,load_date,string,string,true,,LOAD_DATE,true
